Order_Date,Order_ID,Weight_KG,Total_Price,Machine_No
2026-03-27,1,14.3,400,6
2026-03-27,1,14.3,400,3
2026-03-27,2,11.6,340,5
2026-03-27,2,11.6,340,6
2026-03-27,3,12.0,340,5
2026-03-27,3,12.0,340,5
2026-03-27,4,9.7,340,6
2026-03-27,4,9.7,340,1
2026-03-27,5,9.1,340,2
2026-03-27,5,9.1,340,4
2026-03-27,6,7.2,200,4
2026-03-27,7,11.0,340,5
2026-03-27,7,11.0,340,5
2026-03-27,8,7.5,205,6
2026-03-27,9,19.9,555,6
2026-03-27,9,19.9,555,4
2026-03-27,9,19.9,555,1
2026-03-27,10,7.8,220,5
2026-03-27,11,11.5,340,2
2026-03-27,11,11.5,340,4
2026-03-27,12,20.1,555,6
2026-03-27,12,20.1,555,4
2026-03-27,12,20.1,555,2
2026-03-27,13,14.8,410,5
2026-03-27,13,14.8,410,1
2026-03-27,14,18.0,510,5
2026-03-27,14,18.0,510,3
2026-03-27,14,18.0,510,2
2026-03-27,15,8.7,550,1
2026-03-27,15,8.7,550,2
2026-03-27,15,8.7,550,6
2026-03-27,16,11.3,340,2
2026-03-27,16,11.3,340,2
2026-03-27,17,20.2,555,1
2026-03-27,17,20.2,555,1
2026-03-27,17,20.2,555,6
2026-03-27,18,7.9,220,3
2026-03-27,19,11.8,340,2
2026-03-27,19,11.8,340,5
2026-03-27,20,15.7,440,5
2026-03-27,20,15.7,440,1
2026-03-27,21,4.3,170,1
2026-03-27,22,11.8,340,4
2026-03-27,22,11.8,340,5
2026-03-27,23,16.2,450,5
2026-03-27,23,16.2,450,4
2026-03-27,24,20.3,570,1
2026-03-27,24,20.3,570,3
2026-03-27,24,20.3,570,3
2026-03-27,25,10.9,550,5
2026-03-27,25,10.9,550,2
2026-03-27,25,10.9,550,6
2026-03-27,26,2.7,170,2
2026-03-27,27,9.1,550,4
2026-03-27,27,9.1,550,4
2026-03-27,27,9.1,550,2
2026-03-27,28,10.8,340,3
2026-03-27,28,10.8,340,5
2026-03-28,29,8.3,235,1
2026-03-28,30,14.8,410,3
2026-03-28,30,14.8,410,6
2026-03-28,31,14.3,400,2
2026-03-28,31,14.3,400,5
2026-03-28,32,4.7,170,4
2026-03-28,33,5.2,170,2
2026-03-28,34,16.8,470,4
2026-03-28,34,16.8,470,3
2026-03-28,35,3.8,170,6
2026-03-28,36,20.1,555,5
2026-03-28,36,20.1,555,4
2026-03-28,36,20.1,555,1
2026-03-28,37,4.6,380,5
2026-03-28,37,4.6,380,6
2026-03-28,38,18.1,525,2
2026-03-28,38,18.1,525,4
2026-03-28,38,18.1,525,1
2026-03-28,39,7.3,205,3
2026-03-28,40,12.4,350,5
2026-03-28,40,12.4,350,4
2026-03-28,41,3.9,170,1
2026-03-28,42,2.9,170,4
2026-03-28,43,21.7,600,3
2026-03-28,43,21.7,600,1
2026-03-28,43,21.7,600,6
2026-03-28,44,20.7,570,2
2026-03-28,44,20.7,570,3
2026-03-28,44,20.7,570,6
2026-03-28,45,18.6,525,3
2026-03-28,45,18.6,525,1
2026-03-28,45,18.6,525,4
2026-03-28,46,21.3,600,6
2026-03-28,46,21.3,600,1
2026-03-28,46,21.3,600,4
2026-03-28,47,11.2,340,4
2026-03-28,47,11.2,340,6
2026-03-28,48,7.8,220,2
2026-03-28,49,21.9,615,3
2026-03-28,49,21.9,615,3
2026-03-28,49,21.9,615,4
2026-03-28,50,3.4,170,6
2026-03-28,51,9.0,340,1
2026-03-28,51,9.0,340,1
2026-03-29,52,3.2,380,2
2026-03-29,52,3.2,380,2
2026-03-29,53,6.8,400,5
2026-03-29,53,6.8,400,3
2026-03-29,54,15.0,410,6
2026-03-29,54,15.0,410,5
2026-03-29,55,10.8,340,2
2026-03-29,55,10.8,340,2
2026-03-29,56,8.5,235,1
2026-03-29,57,13.3,370,6
2026-03-29,57,13.3,370,5
2026-03-29,58,9.2,340,6
2026-03-29,58,9.2,340,6
2026-03-29,59,17.9,510,3
2026-03-29,59,17.9,510,6
2026-03-29,59,17.9,510,2
2026-03-29,60,18.4,525,2
2026-03-29,60,18.4,525,3
2026-03-29,60,18.4,525,1
2026-03-29,61,6.7,185,3
2026-03-29,62,9.4,550,3
2026-03-29,62,9.4,550,3
2026-03-29,62,9.4,550,2
2026-03-29,63,5.2,170,4
2026-03-29,64,11.8,340,3
2026-03-29,64,11.8,340,5
2026-03-29,65,3.2,170,6
2026-03-29,66,8.7,550,2
2026-03-29,66,8.7,550,6
2026-03-29,66,8.7,550,2
2026-03-29,67,3.4,380,1
2026-03-29,67,3.4,380,1
2026-03-29,68,6.2,175,1
2026-03-29,69,5.9,170,6
2026-03-29,70,14.5,610,4
2026-03-29,70,14.5,610,4
2026-03-29,70,14.5,610,1
2026-03-29,71,7.9,220,3
2026-03-29,72,12.0,340,3
2026-03-29,72,12.0,340,5
2026-03-29,73,4.5,170,2
2026-03-29,74,4.1,170,3
2026-03-29,75,10.0,550,5
2026-03-29,75,10.0,550,4
2026-03-29,75,10.0,550,6
2026-03-29,76,17.4,510,2
2026-03-29,76,17.4,510,4
2026-03-29,76,17.4,510,5
2026-03-29,77,2.9,170,4
2026-03-29,78,9.3,340,3
2026-03-29,78,9.3,340,1
2026-03-30,79,13.1,580,4
2026-03-30,79,13.1,580,2
2026-03-30,79,13.1,580,1
2026-03-30,80,9.3,340,3
2026-03-30,80,9.3,340,6
2026-03-30,81,15.8,650,6
2026-03-30,81,15.8,650,5
2026-03-30,81,15.8,650,6
2026-03-30,82,17.4,510,3
2026-03-30,82,17.4,510,4
2026-03-30,82,17.4,510,6
2026-03-30,83,10.8,340,2
2026-03-30,83,10.8,340,4
2026-03-30,84,19.1,540,1
2026-03-30,84,19.1,540,3
2026-03-30,84,19.1,540,1
2026-03-30,85,7.5,205,5
2026-03-30,86,13.2,370,1
2026-03-30,86,13.2,370,4
2026-03-30,87,10.7,340,2
2026-03-30,87,10.7,340,5
2026-03-30,88,15.3,420,3
2026-03-30,88,15.3,420,3
2026-03-30,89,5.1,170,4
2026-03-30,90,21.9,615,3
2026-03-30,90,21.9,615,6
2026-03-30,90,21.9,615,3
2026-03-30,91,10.0,340,5
2026-03-30,91,10.0,340,5
2026-03-30,92,19.7,555,6
2026-03-30,92,19.7,555,6
2026-03-30,92,19.7,555,1
2026-03-30,93,15.9,440,4
2026-03-30,93,15.9,440,3
2026-03-30,94,19.9,555,4
2026-03-30,94,19.9,555,2
2026-03-30,94,19.9,555,1
2026-03-30,95,11.7,340,1
2026-03-30,95,11.7,340,2
2026-03-30,96,12.0,340,4
2026-03-30,96,12.0,340,3
2026-03-30,97,10.7,340,5
2026-03-30,97,10.7,340,4
2026-03-30,98,5.8,170,6
2026-03-30,99,16.2,450,1
2026-03-30,99,16.2,450,1
2026-03-30,100,6.3,180,3
2026-03-30,101,10.3,340,1
2026-03-30,101,10.3,340,3
2026-03-30,102,6.8,190,3
2026-03-30,103,11.1,340,1
2026-03-30,103,11.1,340,3
2026-03-31,104,18.8,540,5
2026-03-31,104,18.8,540,2
2026-03-31,104,18.8,540,3
2026-03-31,105,15.4,630,4
2026-03-31,105,15.4,630,4
2026-03-31,105,15.4,630,6
2026-03-31,106,18.0,510,2
2026-03-31,106,18.0,510,2
2026-03-31,106,18.0,510,1
2026-03-31,107,18.6,525,1
2026-03-31,107,18.6,525,4
2026-03-31,107,18.6,525,4
2026-03-31,108,17.1,510,3
2026-03-31,108,17.1,510,1
2026-03-31,108,17.1,510,5
2026-03-31,109,16.2,450,4
2026-03-31,109,16.2,450,1
2026-03-31,110,12.5,350,4
2026-03-31,110,12.5,350,3
2026-03-31,111,20.1,555,5
2026-03-31,111,20.1,555,5
2026-03-31,111,20.1,555,5
2026-03-31,112,10.0,340,4
2026-03-31,112,10.0,340,2
2026-03-31,113,6.4,180,2
2026-03-31,114,18.9,540,1
2026-03-31,114,18.9,540,6
2026-03-31,114,18.9,540,1
2026-03-31,115,19.8,555,1
2026-03-31,115,19.8,555,4
2026-03-31,115,19.8,555,4
2026-03-31,116,4.1,170,1
2026-03-31,117,9.8,340,4
2026-03-31,117,9.8,340,2
2026-03-31,118,16.4,450,2
2026-03-31,118,16.4,450,2
2026-03-31,119,2.9,170,5
2026-03-31,120,2.6,170,3
2026-03-31,121,8.4,445,6
2026-03-31,121,8.4,445,6
2026-03-31,122,18.6,525,2
2026-03-31,122,18.6,525,5
2026-03-31,122,18.6,525,2
2026-03-31,123,2.7,170,6
2026-03-31,124,20.7,570,1
2026-03-31,124,20.7,570,3
2026-03-31,124,20.7,570,4
2026-03-31,125,11.8,550,2
2026-03-31,125,11.8,550,6
2026-03-31,125,11.8,550,3
2026-03-31,126,21.1,810,6
2026-03-31,126,21.1,810,6
2026-03-31,126,21.1,810,4
2026-03-31,126,21.1,810,3
2026-03-31,127,17.5,510,1
2026-03-31,127,17.5,510,4
2026-03-31,127,17.5,510,5
2026-03-31,128,10.9,340,3
2026-03-31,128,10.9,340,3
2026-03-31,129,11.1,550,5
2026-03-31,129,11.1,550,6
2026-03-31,129,11.1,550,1
2026-03-31,130,6.0,170,3
2026-03-31,131,17.1,720,3
2026-03-31,131,17.1,720,6
2026-03-31,131,17.1,720,5
2026-03-31,131,17.1,720,1
2026-03-31,132,10.2,340,5
2026-03-31,132,10.2,340,5
2026-03-31,133,6.9,400,6
2026-03-31,133,6.9,400,3
2026-03-31,134,20.0,555,5
2026-03-31,134,20.0,555,4
2026-03-31,134,20.0,555,2
2026-04-01,135,12.7,360,1
2026-04-01,135,12.7,360,2
2026-04-01,136,5.3,170,3
2026-04-01,137,16.5,450,4
2026-04-01,137,16.5,450,3
2026-04-01,138,12.6,360,2
2026-04-01,138,12.6,360,2
2026-04-01,139,20.9,780,2
2026-04-01,139,20.9,780,3
2026-04-01,139,20.9,780,6
2026-04-01,139,20.9,780,4
2026-04-01,140,7.9,430,5
2026-04-01,140,7.9,430,5
2026-04-01,141,2.5,170,1
2026-04-01,142,12.0,340,2
2026-04-01,142,12.0,340,4
2026-04-01,143,3.2,170,1
2026-04-01,144,10.6,340,2
2026-04-01,144,10.6,340,5
2026-04-01,145,16.8,470,6
2026-04-01,145,16.8,470,6
2026-04-01,146,18.5,525,2
2026-04-01,146,18.5,525,3
2026-04-01,146,18.5,525,4
2026-04-01,147,2.6,170,5
2026-04-01,148,6.9,190,1
2026-04-01,149,8.5,235,5
2026-04-01,150,17.2,510,6
2026-04-01,150,17.2,510,1
2026-04-01,150,17.2,510,5
2026-04-01,151,14.1,400,1
2026-04-01,151,14.1,400,1
2026-04-01,152,4.4,170,2
2026-04-01,153,10.4,340,1
2026-04-01,153,10.4,340,3
2026-04-01,154,11.9,340,6
2026-04-01,154,11.9,340,3
2026-04-01,155,20.7,570,3
2026-04-01,155,20.7,570,4
2026-04-01,155,20.7,570,1
2026-04-01,156,19.0,540,3
2026-04-01,156,19.0,540,5
2026-04-01,156,19.0,540,1
2026-04-01,157,17.3,510,2
2026-04-01,157,17.3,510,5
2026-04-01,157,17.3,510,3
2026-04-01,158,3.7,380,6
2026-04-01,158,3.7,380,6
2026-04-01,159,20.0,555,2
2026-04-01,159,20.0,555,6
2026-04-01,159,20.0,555,4
2026-04-01,160,17.4,510,2
2026-04-01,160,17.4,510,2
2026-04-01,160,17.4,510,3
2026-04-01,161,12.9,360,4
2026-04-01,161,12.9,360,2
2026-04-01,162,18.2,525,1
2026-04-01,162,18.2,525,2
2026-04-01,162,18.2,525,4
2026-04-01,163,21.4,600,1
2026-04-01,163,21.4,600,5
2026-04-01,163,21.4,600,1
2026-04-01,164,18.0,510,4
2026-04-01,164,18.0,510,3
2026-04-01,164,18.0,510,1
2026-04-01,165,4.4,170,4
2026-04-01,166,20.8,570,5
2026-04-01,166,20.8,570,3
2026-04-01,166,20.8,570,2
2026-04-01,167,3.7,170,4
2026-04-01,168,9.7,340,4
2026-04-01,168,9.7,340,1
2026-04-01,169,10.7,340,2
2026-04-01,169,10.7,340,6
2026-04-02,170,7.8,220,3
2026-04-02,171,21.6,600,4
2026-04-02,171,21.6,600,6
2026-04-02,171,21.6,600,1
2026-04-02,172,20.4,570,5
2026-04-02,172,20.4,570,5
2026-04-02,172,20.4,570,5
2026-04-02,173,18.9,540,3
2026-04-02,173,18.9,540,1
2026-04-02,173,18.9,540,5
2026-04-02,174,20.5,780,1
2026-04-02,174,20.5,780,3
2026-04-02,174,20.5,780,3
2026-04-02,174,20.5,780,2
2026-04-02,175,16.9,470,1
2026-04-02,175,16.9,470,6
2026-04-02,176,20.2,555,3
2026-04-02,176,20.2,555,6
2026-04-02,176,20.2,555,3
2026-04-02,177,5.0,170,5
2026-04-02,178,3.9,170,4
2026-04-02,179,6.9,190,3
2026-04-02,180,18.6,525,6
2026-04-02,180,18.6,525,2
2026-04-02,180,18.6,525,2
2026-04-02,181,5.5,170,3
2026-04-02,182,8.0,220,4
2026-04-02,183,13.8,380,1
2026-04-02,183,13.8,380,1
2026-04-02,184,16.1,450,4
2026-04-02,184,16.1,450,6
2026-04-02,185,17.9,510,2
2026-04-02,185,17.9,510,2
2026-04-02,185,17.9,510,2
2026-04-02,186,17.6,510,1
2026-04-02,186,17.6,510,2
2026-04-02,186,17.6,510,2
2026-04-02,187,21.0,570,3
2026-04-02,187,21.0,570,6
2026-04-02,187,21.0,570,1
2026-04-02,188,10.7,550,2
2026-04-02,188,10.7,550,4
2026-04-02,188,10.7,550,6
2026-04-02,189,20.2,555,1
2026-04-02,189,20.2,555,2
2026-04-02,189,20.2,555,2
2026-04-02,190,5.6,170,5
2026-04-03,191,6.9,190,3
2026-04-03,192,17.5,510,3
2026-04-03,192,17.5,510,5
2026-04-03,192,17.5,510,5
2026-04-03,193,9.4,340,6
2026-04-03,193,9.4,340,6
2026-04-03,194,15.4,630,5
2026-04-03,194,15.4,630,6
2026-04-03,194,15.4,630,5
2026-04-03,195,14.8,410,2
2026-04-03,195,14.8,410,5
2026-04-03,196,16.8,680,6
2026-04-03,196,16.8,680,5
2026-04-03,196,16.8,680,3
2026-04-03,197,7.4,205,2
2026-04-03,198,11.3,340,6
2026-04-03,198,11.3,340,3
2026-04-03,199,9.1,340,5
2026-04-03,199,9.1,340,1
2026-04-03,200,2.9,170,6
2026-04-03,201,12.3,350,2
2026-04-03,201,12.3,350,4
2026-04-03,202,4.0,380,1
2026-04-03,202,4.0,380,4
2026-04-03,203,11.6,340,3
2026-04-03,203,11.6,340,1
2026-04-03,204,11.5,340,5
2026-04-03,204,11.5,340,1
2026-04-03,205,13.0,360,2
2026-04-03,205,13.0,360,3
2026-04-03,206,19.4,540,4
2026-04-03,206,19.4,540,2
2026-04-03,206,19.4,540,4
2026-04-03,207,3.8,170,2
2026-04-03,208,11.1,340,5
2026-04-03,208,11.1,340,5
2026-04-03,209,22.0,615,3
2026-04-03,209,22.0,615,3
2026-04-03,209,22.0,615,3
2026-04-03,210,7.7,210,1
2026-04-03,211,3.1,170,1
2026-04-03,212,9.4,340,1
2026-04-03,212,9.4,340,4
2026-04-03,213,17.3,720,3
2026-04-03,213,17.3,720,6
2026-04-03,213,17.3,720,5
2026-04-03,213,17.3,720,2
2026-04-03,214,9.2,340,4
2026-04-03,214,9.2,340,6
2026-04-03,215,7.0,190,6
2026-04-04,216,10.0,550,5
2026-04-04,216,10.0,550,6
2026-04-04,216,10.0,550,5
2026-04-04,217,20.5,570,3
2026-04-04,217,20.5,570,4
2026-04-04,217,20.5,570,5
2026-04-04,218,9.7,340,1
2026-04-04,218,9.7,340,3
2026-04-04,219,13.8,380,4
2026-04-04,219,13.8,380,4
2026-04-04,220,7.1,200,6
2026-04-04,221,19.5,540,6
2026-04-04,221,19.5,540,2
2026-04-04,221,19.5,540,5
2026-04-04,222,15.2,420,5
2026-04-04,222,15.2,420,1
2026-04-04,223,9.2,340,5
2026-04-04,223,9.2,340,4
2026-04-04,224,16.7,470,5
2026-04-04,224,16.7,470,4
2026-04-04,225,12.8,360,5
2026-04-04,225,12.8,360,5
2026-04-04,226,10.1,340,4
2026-04-04,226,10.1,340,5
2026-04-04,227,15.5,420,2
2026-04-04,227,15.5,420,4
2026-04-04,228,10.4,340,6
2026-04-04,228,10.4,340,2
2026-04-04,229,17.0,470,4
2026-04-04,229,17.0,470,2
2026-04-04,230,7.9,220,5
2026-04-04,231,9.3,340,6
2026-04-04,231,9.3,340,2
2026-04-04,232,15.5,420,1
2026-04-04,232,15.5,420,2
2026-04-04,233,10.7,550,6
2026-04-04,233,10.7,550,2
2026-04-04,233,10.7,550,1
2026-04-04,234,17.7,510,2
2026-04-04,234,17.7,510,4
2026-04-04,234,17.7,510,4
2026-04-04,235,7.4,415,2
2026-04-04,235,7.4,415,4
2026-04-04,236,13.4,580,1
2026-04-04,236,13.4,580,3
2026-04-04,236,13.4,580,3
2026-04-04,237,17.0,680,4
2026-04-04,237,17.0,680,2
2026-04-04,237,17.0,680,4
2026-04-04,238,5.8,170,5
2026-04-04,239,15.4,630,2
2026-04-04,239,15.4,630,2
2026-04-04,239,15.4,630,1
2026-04-04,240,7.7,420,4
2026-04-04,240,7.7,420,3
2026-04-04,241,18.3,525,5
2026-04-04,241,18.3,525,5
2026-04-04,241,18.3,525,3
2026-04-04,242,3.2,170,6
2026-04-04,243,16.4,450,2
2026-04-04,243,16.4,450,6
2026-04-04,244,3.1,170,5
2026-04-04,245,17.9,510,4
2026-04-04,245,17.9,510,5
2026-04-04,245,17.9,510,3
2026-04-04,246,9.4,340,1
2026-04-04,246,9.4,340,5
2026-04-04,247,13.5,370,1
2026-04-04,247,13.5,370,4
2026-04-04,248,5.3,170,4
2026-04-05,249,5.8,380,5
2026-04-05,249,5.8,380,3
2026-04-05,250,11.6,340,2
2026-04-05,250,11.6,340,5
2026-04-05,251,18.4,735,2
2026-04-05,251,18.4,735,6
2026-04-05,251,18.4,735,6
2026-04-05,251,18.4,735,6
2026-04-05,252,20.4,780,5
2026-04-05,252,20.4,780,5
2026-04-05,252,20.4,780,4
2026-04-05,252,20.4,780,6
2026-04-05,253,17.3,510,2
2026-04-05,253,17.3,510,1
2026-04-05,253,17.3,510,6
2026-04-05,254,5.7,170,5
2026-04-05,255,15.6,440,2
2026-04-05,255,15.6,440,5
2026-04-05,256,6.8,190,4
2026-04-05,257,14.2,400,2
2026-04-05,257,14.2,400,1
2026-04-05,258,8.0,220,6
2026-04-05,259,9.7,550,6
2026-04-05,259,9.7,550,1
2026-04-05,259,9.7,550,6
2026-04-05,260,15.6,440,3
2026-04-05,260,15.6,440,1
2026-04-05,261,5.3,380,3
2026-04-05,261,5.3,380,6
2026-04-05,262,15.6,440,1
2026-04-05,262,15.6,440,3
2026-04-05,263,14.0,380,4
2026-04-05,263,14.0,380,2
2026-04-05,264,20.4,570,6
2026-04-05,264,20.4,570,2
2026-04-05,264,20.4,570,3
2026-04-06,265,11.7,340,1
2026-04-06,265,11.7,340,6
2026-04-06,266,9.6,340,6
2026-04-06,266,9.6,340,3
2026-04-06,267,19.7,555,3
2026-04-06,267,19.7,555,6
2026-04-06,267,19.7,555,3
2026-04-06,268,11.4,340,1
2026-04-06,268,11.4,340,3
2026-04-06,269,7.8,220,6
2026-04-06,270,17.3,720,3
2026-04-06,270,17.3,720,5
2026-04-06,270,17.3,720,4
2026-04-06,270,17.3,720,5
2026-04-06,271,9.8,340,4
2026-04-06,271,9.8,340,2
2026-04-06,272,7.9,220,5
2026-04-06,273,17.9,720,2
2026-04-06,273,17.9,720,2
2026-04-06,273,17.9,720,4
2026-04-06,273,17.9,720,1
2026-04-06,274,3.8,170,2
2026-04-06,275,19.4,540,2
2026-04-06,275,19.4,540,5
2026-04-06,275,19.4,540,1
2026-04-06,276,10.4,340,2
2026-04-06,276,10.4,340,6
2026-04-06,277,20.2,555,1
2026-04-06,277,20.2,555,3
2026-04-06,277,20.2,555,3
2026-04-06,278,9.0,340,6
2026-04-06,278,9.0,340,3
2026-04-06,279,16.7,470,6
2026-04-06,279,16.7,470,5
2026-04-06,280,21.8,615,4
2026-04-06,280,21.8,615,2
2026-04-06,280,21.8,615,4
2026-04-06,281,10.3,550,5
2026-04-06,281,10.3,550,6
2026-04-06,281,10.3,550,3
2026-04-06,282,4.4,170,2
2026-04-06,283,12.9,360,2
2026-04-06,283,12.9,360,2
2026-04-06,284,14.8,410,4
2026-04-06,284,14.8,410,4
2026-04-06,285,10.8,340,1
2026-04-06,285,10.8,340,2
2026-04-06,286,18.8,540,5
2026-04-06,286,18.8,540,2
2026-04-06,286,18.8,540,5
2026-04-06,287,12.7,360,3
2026-04-06,287,12.7,360,5
2026-04-06,288,20.0,555,2
2026-04-06,288,20.0,555,3
2026-04-06,288,20.0,555,4
2026-04-06,289,8.5,235,1
2026-04-06,290,19.4,540,3
2026-04-06,290,19.4,540,6
2026-04-06,290,19.4,540,3
2026-04-06,291,6.9,190,3
2026-04-06,292,15.9,440,3
2026-04-06,292,15.9,440,2
2026-04-06,293,5.1,170,6
2026-04-07,294,14.8,410,6
2026-04-07,294,14.8,410,6
2026-04-07,295,5.6,170,5
2026-04-07,296,19.6,555,6
2026-04-07,296,19.6,555,2
2026-04-07,296,19.6,555,2
2026-04-07,297,17.4,510,5
2026-04-07,297,17.4,510,5
2026-04-07,297,17.4,510,3
2026-04-07,298,5.7,170,1
2026-04-07,299,19.9,555,2
2026-04-07,299,19.9,555,1
2026-04-07,299,19.9,555,3
2026-04-07,300,16.0,440,3
2026-04-07,300,16.0,440,1
2026-04-07,301,11.2,340,2
2026-04-07,301,11.2,340,3
2026-04-07,302,15.4,420,3
2026-04-07,302,15.4,420,4
2026-04-07,303,5.5,170,6
2026-04-07,304,9.4,340,3
2026-04-07,304,9.4,340,6
2026-04-07,305,12.3,350,3
2026-04-07,305,12.3,350,2
2026-04-07,306,18.7,525,6
2026-04-07,306,18.7,525,5
2026-04-07,306,18.7,525,6
2026-04-07,307,6.6,395,6
2026-04-07,307,6.6,395,5
2026-04-07,308,13.3,580,1
2026-04-07,308,13.3,580,6
2026-04-07,308,13.3,580,2
2026-04-07,309,17.1,510,5
2026-04-07,309,17.1,510,3
2026-04-07,309,17.1,510,5
2026-04-07,310,11.6,340,5
2026-04-07,310,11.6,340,3
2026-04-07,311,8.7,340,6
2026-04-07,311,8.7,340,4
2026-04-07,312,12.2,350,4
2026-04-07,312,12.2,350,3
2026-04-07,313,9.9,550,1
2026-04-07,313,9.9,550,4
2026-04-07,313,9.9,550,3
2026-04-07,314,20.5,570,4
2026-04-07,314,20.5,570,4
2026-04-07,314,20.5,570,2
2026-04-07,315,14.1,610,5
2026-04-07,315,14.1,610,4
2026-04-07,315,14.1,610,6
2026-04-07,316,11.9,550,5
2026-04-07,316,11.9,550,6
2026-04-07,316,11.9,550,1
2026-04-07,317,6.1,175,5
2026-04-08,318,20.0,555,6
2026-04-08,318,20.0,555,1
2026-04-08,318,20.0,555,4
2026-04-08,319,20.9,570,6
2026-04-08,319,20.9,570,4
2026-04-08,319,20.9,570,5
2026-04-08,320,3.0,170,6
2026-04-08,321,19.9,555,2
2026-04-08,321,19.9,555,3
2026-04-08,321,19.9,555,2
2026-04-08,322,3.5,170,1
2026-04-08,323,14.3,400,5
2026-04-08,323,14.3,400,3
2026-04-08,324,5.4,380,3
2026-04-08,324,5.4,380,5
2026-04-08,325,6.3,180,3
2026-04-08,326,5.5,170,4
2026-04-08,327,7.4,205,1
2026-04-08,328,19.3,540,6
2026-04-08,328,19.3,540,6
2026-04-08,328,19.3,540,5
2026-04-08,329,19.4,540,4
2026-04-08,329,19.4,540,1
2026-04-08,329,19.4,540,5
2026-04-08,330,20.1,765,1
2026-04-08,330,20.1,765,5
2026-04-08,330,20.1,765,3
2026-04-08,330,20.1,765,2
2026-04-08,331,5.2,170,5
2026-04-08,332,14.4,400,2
2026-04-08,332,14.4,400,6
2026-04-08,333,18.2,525,3
2026-04-08,333,18.2,525,1
2026-04-08,333,18.2,525,2
2026-04-08,334,4.1,170,4
2026-04-08,335,14.2,400,3
2026-04-08,335,14.2,400,5
2026-04-08,336,15.9,650,3
2026-04-08,336,15.9,650,1
2026-04-08,336,15.9,650,4
2026-04-08,337,21.9,615,1
2026-04-08,337,21.9,615,1
2026-04-08,337,21.9,615,2
2026-04-08,338,5.1,170,1
2026-04-08,339,6.0,170,3
2026-04-08,340,3.2,170,2
2026-04-09,341,8.3,235,4
2026-04-09,342,18.0,510,3
2026-04-09,342,18.0,510,1
2026-04-09,342,18.0,510,1
2026-04-09,343,4.0,170,3
2026-04-09,344,9.5,340,5
2026-04-09,344,9.5,340,2
2026-04-09,345,11.7,340,2
2026-04-09,345,11.7,340,4
2026-04-09,346,6.1,175,3
2026-04-09,347,6.3,180,3
2026-04-09,348,7.8,220,6
2026-04-09,349,6.0,380,4
2026-04-09,349,6.0,380,5
2026-04-09,350,16.1,450,3
2026-04-09,350,16.1,450,2
2026-04-09,351,18.2,525,6
2026-04-09,351,18.2,525,5
2026-04-09,351,18.2,525,3
2026-04-09,352,19.5,540,6
2026-04-09,352,19.5,540,4
2026-04-09,352,19.5,540,6
2026-04-09,353,6.0,170,6
2026-04-09,354,15.7,440,4
2026-04-09,354,15.7,440,3
2026-04-09,355,14.4,400,1
2026-04-09,355,14.4,400,4
2026-04-09,356,16.0,440,6
2026-04-09,356,16.0,440,5
2026-04-09,357,7.4,205,6
2026-04-09,358,6.4,180,1
2026-04-09,359,4.6,170,1
2026-04-09,360,10.9,340,4
2026-04-09,360,10.9,340,6
2026-04-09,361,10.5,340,2
2026-04-09,361,10.5,340,1
2026-04-09,362,6.1,175,1
2026-04-09,363,17.6,510,5
2026-04-09,363,17.6,510,4
2026-04-09,363,17.6,510,5
2026-04-09,364,5.9,170,5
2026-04-09,365,6.0,170,4
2026-04-09,366,19.7,555,2
2026-04-09,366,19.7,555,5
2026-04-09,366,19.7,555,4
2026-04-09,367,17.4,510,5
2026-04-09,367,17.4,510,4
2026-04-09,367,17.4,510,1
2026-04-09,368,21.7,600,3
2026-04-09,368,21.7,600,4
2026-04-09,368,21.7,600,1
2026-04-09,369,18.2,525,4
2026-04-09,369,18.2,525,6
2026-04-09,369,18.2,525,1
2026-04-09,370,21.6,600,2
2026-04-09,370,21.6,600,2
2026-04-09,370,21.6,600,6
2026-04-09,371,21.4,600,1
2026-04-09,371,21.4,600,2
2026-04-09,371,21.4,600,2
2026-04-09,372,2.8,170,5
2026-04-09,373,9.8,550,1
2026-04-09,373,9.8,550,3
2026-04-09,373,9.8,550,5
2026-04-09,374,15.1,420,4
2026-04-09,374,15.1,420,5
2026-04-10,375,18.1,525,4
2026-04-10,375,18.1,525,4
2026-04-10,375,18.1,525,6
2026-04-10,376,7.9,220,5
2026-04-10,377,13.1,370,3
2026-04-10,377,13.1,370,6
2026-04-10,378,7.4,205,6
2026-04-10,379,5.0,170,3
2026-04-10,380,13.5,370,4
2026-04-10,380,13.5,370,2
2026-04-10,381,5.3,170,5
2026-04-10,382,16.1,450,6
2026-04-10,382,16.1,450,5
2026-04-10,383,15.4,420,4
2026-04-10,383,15.4,420,3
2026-04-10,384,12.5,560,1
2026-04-10,384,12.5,560,4
2026-04-10,384,12.5,560,6
2026-04-10,385,14.6,410,4
2026-04-10,385,14.6,410,2
2026-04-10,386,6.7,185,3
2026-04-10,387,9.2,340,3
2026-04-10,387,9.2,340,1
2026-04-10,388,4.6,170,5
2026-04-10,389,20.5,570,2
2026-04-10,389,20.5,570,6
2026-04-10,389,20.5,570,2
2026-04-10,390,19.3,540,2
2026-04-10,390,19.3,540,4
2026-04-10,390,19.3,540,1
2026-04-10,391,10.0,340,2
2026-04-10,391,10.0,340,2
2026-04-10,392,16.4,450,3
2026-04-10,392,16.4,450,2
2026-04-10,393,20.8,570,2
2026-04-10,393,20.8,570,6
2026-04-10,393,20.8,570,5
2026-04-10,394,5.3,170,2
2026-04-10,395,12.3,560,3
2026-04-10,395,12.3,560,2
2026-04-10,395,12.3,560,6
2026-04-10,396,6.6,185,1
2026-04-10,397,3.0,170,3
2026-04-10,398,4.8,170,5
2026-04-10,399,21.3,600,1
2026-04-10,399,21.3,600,4
2026-04-10,399,21.3,600,3
2026-04-10,400,7.0,190,6
2026-04-10,401,5.0,170,2
2026-04-10,402,13.9,380,2
2026-04-10,402,13.9,380,5
2026-04-10,403,9.5,550,4
2026-04-10,403,9.5,550,3
2026-04-10,403,9.5,550,6
2026-04-10,404,8.3,235,4
2026-04-11,405,5.1,170,5
2026-04-11,406,21.4,600,6
2026-04-11,406,21.4,600,6
2026-04-11,406,21.4,600,3
2026-04-11,407,2.5,170,6
2026-04-11,408,16.8,470,5
2026-04-11,408,16.8,470,5
2026-04-11,409,18.8,540,6
2026-04-11,409,18.8,540,3
2026-04-11,409,18.8,540,1
2026-04-11,410,8.2,225,6
2026-04-11,411,12.7,360,5
2026-04-11,411,12.7,360,6
2026-04-11,412,8.2,225,3
2026-04-11,413,4.5,170,4
2026-04-11,414,14.9,410,5
2026-04-11,414,14.9,410,5
2026-04-11,415,4.4,170,4
2026-04-11,416,9.4,340,3
2026-04-11,416,9.4,340,5
2026-04-11,417,13.6,380,5
2026-04-11,417,13.6,380,4
2026-04-11,418,15.7,650,1
2026-04-11,418,15.7,650,3
2026-04-11,418,15.7,650,3
2026-04-11,419,2.7,170,6
2026-04-11,420,9.1,340,1
2026-04-11,420,9.1,340,5
2026-04-11,421,12.6,360,5
2026-04-11,421,12.6,360,6
2026-04-11,422,14.8,410,5
2026-04-11,422,14.8,410,6
2026-04-11,423,17.0,470,1
2026-04-11,423,17.0,470,1
2026-04-11,424,2.7,170,4
2026-04-11,425,10.8,340,4
2026-04-11,425,10.8,340,4
2026-04-11,426,13.5,370,6
2026-04-11,426,13.5,370,6
2026-04-11,427,8.3,235,3
2026-04-11,428,11.6,340,2
2026-04-11,428,11.6,340,4
2026-04-12,429,6.6,395,2
2026-04-12,429,6.6,395,3
2026-04-12,430,15.9,440,3
2026-04-12,430,15.9,440,4
2026-04-12,431,18.9,540,4
2026-04-12,431,18.9,540,4
2026-04-12,431,18.9,540,2
2026-04-12,432,13.9,380,6
2026-04-12,432,13.9,380,3
2026-04-12,433,9.4,340,4
2026-04-12,433,9.4,340,1
2026-04-12,434,17.3,510,5
2026-04-12,434,17.3,510,1
2026-04-12,434,17.3,510,6
2026-04-12,435,5.5,380,5
2026-04-12,435,5.5,380,5
2026-04-12,436,21.1,600,5
2026-04-12,436,21.1,600,5
2026-04-12,436,21.1,600,3
2026-04-12,437,4.5,170,6
2026-04-12,438,12.9,360,4
2026-04-12,438,12.9,360,4
2026-04-12,439,3.8,170,4
2026-04-12,440,16.1,450,4
2026-04-12,440,16.1,450,6
2026-04-12,441,19.0,540,5
2026-04-12,441,19.0,540,2
2026-04-12,441,19.0,540,2
2026-04-12,442,21.8,615,4
2026-04-12,442,21.8,615,3
2026-04-12,442,21.8,615,1
2026-04-12,443,11.1,340,4
2026-04-12,443,11.1,340,1
2026-04-12,444,8.3,235,1
2026-04-12,445,20.0,555,3
2026-04-12,445,20.0,555,5
2026-04-12,445,20.0,555,6
2026-04-12,446,5.1,170,1
2026-04-12,447,15.4,420,6
2026-04-12,447,15.4,420,1
2026-04-12,448,18.4,735,2
2026-04-12,448,18.4,735,1
2026-04-12,448,18.4,735,3
2026-04-12,448,18.4,735,3
2026-04-12,449,15.0,410,4
2026-04-12,449,15.0,410,6
2026-04-12,450,3.7,170,3
2026-04-12,451,6.1,175,6
2026-04-12,452,14.9,410,5
2026-04-12,452,14.9,410,2
2026-04-12,453,13.6,380,3
2026-04-12,453,13.6,380,2
2026-04-12,454,6.8,190,3
2026-04-12,455,12.5,350,3
2026-04-12,455,12.5,350,6
2026-04-12,456,3.0,170,5
2026-04-12,457,5.8,170,6
2026-04-12,458,6.1,175,5
2026-04-12,459,19.0,540,5
2026-04-12,459,19.0,540,2
2026-04-12,459,19.0,540,1
2026-04-12,460,7.9,220,4
2026-04-12,461,20.4,570,5
2026-04-12,461,20.4,570,6
2026-04-12,461,20.4,570,5
2026-04-13,462,9.5,340,1
2026-04-13,462,9.5,340,5
2026-04-13,463,13.2,370,5
2026-04-13,463,13.2,370,3
2026-04-13,464,13.6,380,1
2026-04-13,464,13.6,380,1
2026-04-13,465,19.1,540,5
2026-04-13,465,19.1,540,2
2026-04-13,465,19.1,540,6
2026-04-13,466,21.3,600,5
2026-04-13,466,21.3,600,5
2026-04-13,466,21.3,600,6
2026-04-13,467,16.1,450,4
2026-04-13,467,16.1,450,6
2026-04-13,468,16.4,450,5
2026-04-13,468,16.4,450,1
2026-04-13,469,20.6,570,2
2026-04-13,469,20.6,570,2
2026-04-13,469,20.6,570,5
2026-04-13,470,20.3,570,3
2026-04-13,470,20.3,570,1
2026-04-13,470,20.3,570,3
2026-04-13,471,13.6,380,4
2026-04-13,471,13.6,380,2
2026-04-13,472,4.9,170,4
2026-04-13,473,3.0,170,1
2026-04-13,474,9.5,340,4
2026-04-13,474,9.5,340,6
2026-04-13,475,18.3,525,1
2026-04-13,475,18.3,525,4
2026-04-13,475,18.3,525,4
2026-04-13,476,12.4,350,5
2026-04-13,476,12.4,350,4
2026-04-13,477,19.7,555,2
2026-04-13,477,19.7,555,4
2026-04-13,477,19.7,555,6
2026-04-13,478,18.9,540,5
2026-04-13,478,18.9,540,3
2026-04-13,478,18.9,540,4
2026-04-14,479,12.3,560,1
2026-04-14,479,12.3,560,3
2026-04-14,479,12.3,560,6
2026-04-14,480,5.5,170,4
2026-04-14,481,14.0,380,4
2026-04-14,481,14.0,380,1
2026-04-14,482,20.5,570,3
2026-04-14,482,20.5,570,2
2026-04-14,482,20.5,570,3
2026-04-14,483,16.4,450,3
2026-04-14,483,16.4,450,2
2026-04-14,484,8.2,225,3
2026-04-14,485,6.4,180,6
2026-04-14,486,15.7,440,6
2026-04-14,486,15.7,440,3
2026-04-14,487,6.4,180,6
2026-04-14,488,18.0,510,6
2026-04-14,488,18.0,510,2
2026-04-14,488,18.0,510,2
2026-04-14,489,21.9,615,3
2026-04-14,489,21.9,615,5
2026-04-14,489,21.9,615,2
2026-04-14,490,11.6,340,1
2026-04-14,490,11.6,340,1
2026-04-14,491,10.5,340,3
2026-04-14,491,10.5,340,6
2026-04-14,492,14.1,400,3
2026-04-14,492,14.1,400,1
2026-04-14,493,3.1,170,5
2026-04-14,494,19.5,540,2
2026-04-14,494,19.5,540,4
2026-04-14,494,19.5,540,4
2026-04-14,495,16.6,470,3
2026-04-14,495,16.6,470,4
2026-04-15,496,15.0,410,2
2026-04-15,496,15.0,410,1
2026-04-15,497,19.2,540,4
2026-04-15,497,19.2,540,3
2026-04-15,497,19.2,540,5
2026-04-15,498,10.5,340,6
2026-04-15,498,10.5,340,2
2026-04-15,499,19.4,540,4
2026-04-15,499,19.4,540,1
2026-04-15,499,19.4,540,2
2026-04-15,500,4.8,170,6
2026-04-15,501,19.4,540,3
2026-04-15,501,19.4,540,5
2026-04-15,501,19.4,540,6
2026-04-15,502,20.7,570,4
2026-04-15,502,20.7,570,6
2026-04-15,502,20.7,570,3
2026-04-15,503,2.8,170,3
2026-04-15,504,15.2,420,1
2026-04-15,504,15.2,420,2
2026-04-15,505,7.8,220,4
2026-04-15,506,19.7,555,5
2026-04-15,506,19.7,555,3
2026-04-15,506,19.7,555,6
2026-04-15,507,20.1,555,5
2026-04-15,507,20.1,555,1
2026-04-15,507,20.1,555,4
2026-04-15,508,13.4,370,1
2026-04-15,508,13.4,370,1
2026-04-15,509,3.0,170,4
2026-04-15,510,11.9,340,4
2026-04-15,510,11.9,340,4
2026-04-15,511,19.3,540,6
2026-04-15,511,19.3,540,6
2026-04-15,511,19.3,540,4
2026-04-15,512,4.4,170,1
2026-04-15,513,3.2,170,5
2026-04-15,514,7.1,200,3
2026-04-15,515,21.1,600,1
2026-04-15,515,21.1,600,3
2026-04-15,515,21.1,600,2
2026-04-15,516,7.7,210,1
2026-04-15,517,5.7,170,4
2026-04-15,518,17.0,680,6
2026-04-15,518,17.0,680,5
2026-04-15,518,17.0,680,4
2026-04-15,519,19.6,765,6
2026-04-15,519,19.6,765,5
2026-04-15,519,19.6,765,5
2026-04-15,519,19.6,765,3
2026-04-15,520,14.5,400,3
2026-04-15,520,14.5,400,4
2026-04-15,521,2.9,170,6
2026-04-15,522,16.7,470,5
2026-04-15,522,16.7,470,1
2026-04-15,523,8.2,225,2
2026-04-15,524,20.1,555,2
2026-04-15,524,20.1,555,1
2026-04-15,524,20.1,555,2
2026-04-15,525,3.2,380,3
2026-04-15,525,3.2,380,5
2026-04-15,526,3.8,380,4
2026-04-15,526,3.8,380,2
2026-04-16,527,5.1,170,3
2026-04-16,528,20.4,570,4
2026-04-16,528,20.4,570,4
2026-04-16,528,20.4,570,5
2026-04-16,529,5.9,170,5
2026-04-16,530,19.0,750,6
2026-04-16,530,19.0,750,5
2026-04-16,530,19.0,750,2
2026-04-16,530,19.0,750,2
2026-04-16,531,20.3,780,5
2026-04-16,531,20.3,780,6
2026-04-16,531,20.3,780,5
2026-04-16,531,20.3,780,3
2026-04-16,532,10.4,340,2
2026-04-16,532,10.4,340,3
2026-04-16,533,17.8,510,3
2026-04-16,533,17.8,510,3
2026-04-16,533,17.8,510,5
2026-04-16,534,13.5,370,4
2026-04-16,534,13.5,370,3
2026-04-16,535,4.5,380,2
2026-04-16,535,4.5,380,5
2026-04-16,536,9.3,340,4
2026-04-16,536,9.3,340,5
2026-04-16,537,3.1,170,3
2026-04-16,538,21.3,600,3
2026-04-16,538,21.3,600,4
2026-04-16,538,21.3,600,5
2026-04-16,539,3.4,170,5
2026-04-16,540,19.6,555,4
2026-04-16,540,19.6,555,2
2026-04-16,540,19.6,555,4
2026-04-16,541,16.3,450,5
2026-04-16,541,16.3,450,6
2026-04-16,542,10.1,340,3
2026-04-16,542,10.1,340,2
2026-04-16,543,19.7,555,4
2026-04-16,543,19.7,555,1
2026-04-16,543,19.7,555,5
2026-04-16,544,18.9,540,2
2026-04-16,544,18.9,540,4
2026-04-16,544,18.9,540,1
2026-04-16,545,19.2,540,1
2026-04-16,545,19.2,540,4
2026-04-16,545,19.2,540,6
2026-04-16,546,11.4,340,6
2026-04-16,546,11.4,340,4
2026-04-16,547,17.7,510,2
2026-04-16,547,17.7,510,5
2026-04-16,547,17.7,510,6
2026-04-16,548,14.1,400,3
2026-04-16,548,14.1,400,4
2026-04-16,549,19.1,540,1
2026-04-16,549,19.1,540,2
2026-04-16,549,19.1,540,4
2026-04-17,550,13.5,370,3
2026-04-17,550,13.5,370,3
2026-04-17,551,13.9,380,1
2026-04-17,551,13.9,380,2
2026-04-17,552,20.6,780,6
2026-04-17,552,20.6,780,6
2026-04-17,552,20.6,780,2
2026-04-17,552,20.6,780,2
2026-04-17,553,4.2,170,2
2026-04-17,554,6.3,390,1
2026-04-17,554,6.3,390,1
2026-04-17,555,9.7,340,4
2026-04-17,555,9.7,340,5
2026-04-17,556,4.1,380,5
2026-04-17,556,4.1,380,6
2026-04-17,557,19.7,555,4
2026-04-17,557,19.7,555,2
2026-04-17,557,19.7,555,2
2026-04-17,558,5.0,170,3
2026-04-17,559,6.1,175,4
2026-04-17,560,17.8,510,1
2026-04-17,560,17.8,510,6
2026-04-17,560,17.8,510,2
2026-04-17,561,21.7,600,1
2026-04-17,561,21.7,600,1
2026-04-17,561,21.7,600,4
2026-04-17,562,9.7,340,4
2026-04-17,562,9.7,340,4
2026-04-17,563,11.7,340,4
2026-04-17,563,11.7,340,5
2026-04-17,564,4.9,170,2
2026-04-17,565,7.1,200,4
2026-04-17,566,6.4,180,1
2026-04-17,567,18.8,540,4
2026-04-17,567,18.8,540,2
2026-04-17,567,18.8,540,1
2026-04-18,568,18.3,525,1
2026-04-18,568,18.3,525,6
2026-04-18,568,18.3,525,6
2026-04-18,569,4.9,170,3
2026-04-18,570,6.7,395,2
2026-04-18,570,6.7,395,1
2026-04-18,571,3.1,380,3
2026-04-18,571,3.1,380,2
2026-04-18,572,19.6,555,6
2026-04-18,572,19.6,555,1
2026-04-18,572,19.6,555,5
2026-04-18,573,11.0,340,1
2026-04-18,573,11.0,340,4
2026-04-18,574,20.5,570,5
2026-04-18,574,20.5,570,6
2026-04-18,574,20.5,570,3
2026-04-18,575,2.9,170,6
2026-04-18,576,21.7,600,2
2026-04-18,576,21.7,600,4
2026-04-18,576,21.7,600,6
2026-04-18,577,17.8,510,1
2026-04-18,577,17.8,510,6
2026-04-18,577,17.8,510,6
2026-04-18,578,2.7,380,6
2026-04-18,578,2.7,380,5
2026-04-18,579,11.1,550,3
2026-04-18,579,11.1,550,3
2026-04-18,579,11.1,550,4
2026-04-18,580,2.7,170,1
2026-04-18,581,7.9,220,4
2026-04-18,582,10.9,340,5
2026-04-18,582,10.9,340,1
2026-04-18,583,14.4,610,1
2026-04-18,583,14.4,610,5
2026-04-18,583,14.4,610,6
2026-04-18,584,17.9,510,3
2026-04-18,584,17.9,510,5
2026-04-18,584,17.9,510,2
2026-04-18,585,18.9,540,1
2026-04-18,585,18.9,540,5
2026-04-18,585,18.9,540,1
2026-04-18,586,13.8,380,4
2026-04-18,586,13.8,380,2
2026-04-18,587,12.4,350,2
2026-04-18,587,12.4,350,6
2026-04-18,588,8.6,340,4
2026-04-18,588,8.6,340,2
2026-04-19,589,5.6,170,3
2026-04-19,590,15.9,440,1
2026-04-19,590,15.9,440,6
2026-04-19,591,17.1,720,6
2026-04-19,591,17.1,720,4
2026-04-19,591,17.1,720,2
2026-04-19,591,17.1,720,2
2026-04-19,592,15.5,420,5
2026-04-19,592,15.5,420,4
2026-04-19,593,18.2,525,1
2026-04-19,593,18.2,525,1
2026-04-19,593,18.2,525,6
2026-04-19,594,12.3,350,1
2026-04-19,594,12.3,350,3
2026-04-19,595,8.6,340,3
2026-04-19,595,8.6,340,1
2026-04-19,596,12.9,360,1
2026-04-19,596,12.9,360,3
2026-04-19,597,5.1,380,1
2026-04-19,597,5.1,380,4
2026-04-19,598,3.6,170,5
2026-04-19,599,13.6,380,6
2026-04-19,599,13.6,380,2
2026-04-19,600,17.1,510,4
2026-04-19,600,17.1,510,2
2026-04-19,600,17.1,510,6
2026-04-19,601,17.1,510,6
2026-04-19,601,17.1,510,6
2026-04-19,601,17.1,510,1
2026-04-19,602,3.3,380,4
2026-04-19,602,3.3,380,5
2026-04-19,603,6.4,180,5
2026-04-19,604,8.3,235,4
2026-04-19,605,7.4,205,1
2026-04-19,606,14.4,400,1
2026-04-19,606,14.4,400,3
2026-04-19,607,12.0,340,2
2026-04-19,607,12.0,340,5
2026-04-19,608,8.9,340,1
2026-04-19,608,8.9,340,5
2026-04-19,609,7.7,210,6
2026-04-19,610,13.2,580,1
2026-04-19,610,13.2,580,2
2026-04-19,610,13.2,580,2
2026-04-20,611,8.6,550,3
2026-04-20,611,8.6,550,4
2026-04-20,611,8.6,550,3
2026-04-20,612,15.1,420,4
2026-04-20,612,15.1,420,6
2026-04-20,613,15.3,420,2
2026-04-20,613,15.3,420,2
2026-04-20,614,16.2,450,4
2026-04-20,614,16.2,450,3
2026-04-20,615,16.1,450,6
2026-04-20,615,16.1,450,2
2026-04-20,616,13.2,370,1
2026-04-20,616,13.2,370,2
2026-04-20,617,6.0,170,2
2026-04-20,618,12.8,360,6
2026-04-20,618,12.8,360,4
2026-04-20,619,12.3,350,4
2026-04-20,619,12.3,350,4
2026-04-20,620,5.9,170,5
2026-04-20,621,15.1,420,6
2026-04-20,621,15.1,420,3
2026-04-20,622,17.4,510,2
2026-04-20,622,17.4,510,3
2026-04-20,622,17.4,510,1
2026-04-20,623,12.6,570,6
2026-04-20,623,12.6,570,4
2026-04-20,623,12.6,570,2
2026-04-20,624,9.1,340,6
2026-04-20,624,9.1,340,4
2026-04-20,625,5.7,170,5
2026-04-20,626,20.3,570,4
2026-04-20,626,20.3,570,3
2026-04-20,626,20.3,570,3
2026-04-20,627,14.6,410,4
2026-04-20,627,14.6,410,5
2026-04-20,628,6.3,180,2
2026-04-20,629,19.7,555,2
2026-04-20,629,19.7,555,6
2026-04-20,629,19.7,555,6
2026-04-20,630,21.6,600,3
2026-04-20,630,21.6,600,2
2026-04-20,630,21.6,600,1
2026-04-20,631,11.8,340,2
2026-04-20,631,11.8,340,6
2026-04-20,632,5.0,170,1
2026-04-20,633,15.3,420,2
2026-04-20,633,15.3,420,3
2026-04-20,634,8.1,225,5
2026-04-21,635,21.8,615,5
2026-04-21,635,21.8,615,1
2026-04-21,635,21.8,615,2
2026-04-21,636,18.6,525,5
2026-04-21,636,18.6,525,6
2026-04-21,636,18.6,525,6
2026-04-21,637,3.6,170,2
2026-04-21,638,13.6,380,1
2026-04-21,638,13.6,380,6
2026-04-21,639,6.8,190,5
2026-04-21,640,15.7,650,5
2026-04-21,640,15.7,650,6
2026-04-21,640,15.7,650,5
2026-04-21,641,3.5,170,2
2026-04-21,642,12.1,350,5
2026-04-21,642,12.1,350,4
2026-04-21,643,17.4,720,5
2026-04-21,643,17.4,720,5
2026-04-21,643,17.4,720,6
2026-04-21,643,17.4,720,5
2026-04-21,644,13.6,590,5
2026-04-21,644,13.6,590,3
2026-04-21,644,13.6,590,2
2026-04-21,645,4.8,170,6
2026-04-21,646,5.5,380,6
2026-04-21,646,5.5,380,6
2026-04-21,647,14.1,400,3
2026-04-21,647,14.1,400,5
2026-04-21,648,14.6,410,5
2026-04-21,648,14.6,410,5
2026-04-21,649,17.4,510,6
2026-04-21,649,17.4,510,3
2026-04-21,649,17.4,510,2
2026-04-21,650,14.1,400,3
2026-04-21,650,14.1,400,6
2026-04-21,651,15.9,440,2
2026-04-21,651,15.9,440,4
2026-04-21,652,9.0,340,5
2026-04-21,652,9.0,340,2
2026-04-21,653,18.2,735,1
2026-04-21,653,18.2,735,5
2026-04-21,653,18.2,735,2
2026-04-21,653,18.2,735,3
2026-04-21,654,14.5,400,2
2026-04-21,654,14.5,400,6
2026-04-21,655,16.6,470,1
2026-04-21,655,16.6,470,2
2026-04-22,656,7.1,200,5
2026-04-22,657,4.5,380,3
2026-04-22,657,4.5,380,4
2026-04-22,658,21.6,810,3
2026-04-22,658,21.6,810,3
2026-04-22,658,21.6,810,6
2026-04-22,658,21.6,810,6
2026-04-22,659,8.0,220,1
2026-04-22,660,10.2,340,6
2026-04-22,660,10.2,340,5
2026-04-22,661,6.1,175,1
2026-04-22,662,8.0,220,5
2026-04-22,663,5.6,170,6
2026-04-22,664,4.8,170,1
2026-04-22,665,3.5,170,3
2026-04-22,666,18.2,525,6
2026-04-22,666,18.2,525,5
2026-04-22,666,18.2,525,4
2026-04-22,667,10.9,340,5
2026-04-22,667,10.9,340,3
2026-04-22,668,9.0,550,3
2026-04-22,668,9.0,550,3
2026-04-22,668,9.0,550,6
2026-04-22,669,6.8,190,6
2026-04-22,670,16.4,450,3
2026-04-22,670,16.4,450,4
2026-04-22,671,14.4,400,5
2026-04-22,671,14.4,400,6
2026-04-22,672,7.7,210,6
2026-04-22,673,12.1,350,2
2026-04-22,673,12.1,350,1
2026-04-22,674,6.5,390,4
2026-04-22,674,6.5,390,4
2026-04-22,675,6.7,185,5
2026-04-22,676,15.6,440,2
2026-04-22,676,15.6,440,1
2026-04-23,677,9.9,340,5
2026-04-23,677,9.9,340,2
2026-04-23,678,5.7,170,6
2026-04-23,679,8.5,445,1
2026-04-23,679,8.5,445,5
2026-04-23,680,16.6,470,2
2026-04-23,680,16.6,470,4
2026-04-23,681,15.5,420,2
2026-04-23,681,15.5,420,6
2026-04-23,682,5.3,170,3
2026-04-23,683,19.4,750,2
2026-04-23,683,19.4,750,4
2026-04-23,683,19.4,750,3
2026-04-23,683,19.4,750,1
2026-04-23,684,14.7,410,1
2026-04-23,684,14.7,410,5
2026-04-23,685,11.9,340,1
2026-04-23,685,11.9,340,1
2026-04-23,686,10.3,340,6
2026-04-23,686,10.3,340,6
2026-04-23,687,15.3,420,2
2026-04-23,687,15.3,420,1
2026-04-23,688,7.9,220,6
2026-04-23,689,16.8,470,6
2026-04-23,689,16.8,470,5
2026-04-23,690,18.4,525,3
2026-04-23,690,18.4,525,5
2026-04-23,690,18.4,525,5
2026-04-23,691,10.5,340,6
2026-04-23,691,10.5,340,2
2026-04-23,692,5.8,170,1
2026-04-23,693,19.2,540,2
2026-04-23,693,19.2,540,5
2026-04-23,693,19.2,540,1
2026-04-23,694,20.9,780,5
2026-04-23,694,20.9,780,3
2026-04-23,694,20.9,780,6
2026-04-23,694,20.9,780,3
2026-04-23,695,14.4,400,1
2026-04-23,695,14.4,400,4
2026-04-23,696,12.8,360,6
2026-04-23,696,12.8,360,6
2026-04-23,697,10.9,340,1
2026-04-23,697,10.9,340,4
2026-04-23,698,16.5,450,4
2026-04-23,698,16.5,450,6
2026-04-23,699,8.2,225,4
2026-04-23,700,4.4,170,2
2026-04-23,701,8.5,235,3
2026-04-23,702,19.7,555,5
2026-04-23,702,19.7,555,5
2026-04-23,702,19.7,555,3
2026-04-23,703,21.4,600,6
2026-04-23,703,21.4,600,4
2026-04-23,703,21.4,600,5
2026-04-23,704,11.9,340,5
2026-04-23,704,11.9,340,2
2026-04-23,705,8.4,235,1
2026-04-23,706,7.5,205,5
2026-04-23,707,10.9,340,4
2026-04-23,707,10.9,340,1
2026-04-23,708,19.9,555,5
2026-04-23,708,19.9,555,6
2026-04-23,708,19.9,555,3
2026-04-24,709,17.1,510,6
2026-04-24,709,17.1,510,1
2026-04-24,709,17.1,510,3
2026-04-24,710,17.1,510,1
2026-04-24,710,17.1,510,5
2026-04-24,710,17.1,510,3
2026-04-24,711,17.8,720,6
2026-04-24,711,17.8,720,4
2026-04-24,711,17.8,720,3
2026-04-24,711,17.8,720,6
2026-04-24,712,17.8,510,4
2026-04-24,712,17.8,510,6
2026-04-24,712,17.8,510,5
2026-04-24,713,9.6,340,4
2026-04-24,713,9.6,340,5
2026-04-24,714,8.0,220,3
2026-04-24,715,4.1,170,3
2026-04-24,716,19.4,540,5
2026-04-24,716,19.4,540,2
2026-04-24,716,19.4,540,6
2026-04-24,717,12.9,360,3
2026-04-24,717,12.9,360,5
2026-04-24,718,16.2,450,1
2026-04-24,718,16.2,450,3
2026-04-24,719,6.1,175,1
2026-04-24,720,13.2,370,5
2026-04-24,720,13.2,370,2
2026-04-24,721,20.1,555,1
2026-04-24,721,20.1,555,4
2026-04-24,721,20.1,555,6
2026-04-24,722,15.7,440,2
2026-04-24,722,15.7,440,4
2026-04-24,723,4.8,170,3
2026-04-24,724,9.2,340,5
2026-04-24,724,9.2,340,4
2026-04-24,725,14.1,400,2
2026-04-24,725,14.1,400,2
2026-04-24,726,13.6,380,4
2026-04-24,726,13.6,380,2
2026-04-24,727,17.4,720,6
2026-04-24,727,17.4,720,3
2026-04-24,727,17.4,720,6
2026-04-24,727,17.4,720,3
2026-04-24,728,3.5,170,4
2026-04-24,729,8.7,340,6
2026-04-24,729,8.7,340,4
2026-04-24,730,7.1,200,5
2026-04-24,731,18.3,525,6
2026-04-24,731,18.3,525,1
2026-04-24,731,18.3,525,1
2026-04-24,732,19.7,555,6
2026-04-24,732,19.7,555,4
2026-04-24,732,19.7,555,1
2026-04-24,733,17.7,510,2
2026-04-24,733,17.7,510,5
2026-04-24,733,17.7,510,5
2026-04-24,734,2.8,380,2
2026-04-24,734,2.8,380,3
2026-04-24,735,4.1,170,6
2026-04-24,736,19.8,555,2
2026-04-24,736,19.8,555,4
2026-04-24,736,19.8,555,1
2026-04-24,737,9.9,340,5
2026-04-24,737,9.9,340,1
2026-04-24,738,11.2,340,3
2026-04-24,738,11.2,340,5
2026-04-24,739,20.2,555,6
2026-04-24,739,20.2,555,4
2026-04-24,739,20.2,555,2
2026-04-24,740,7.5,205,1
2026-04-24,741,16.7,470,2
2026-04-24,741,16.7,470,6
2026-04-24,742,8.7,340,5
2026-04-24,742,8.7,340,4
2026-04-25,743,12.7,360,6
2026-04-25,743,12.7,360,2
2026-04-25,744,10.2,550,5
2026-04-25,744,10.2,550,4
2026-04-25,744,10.2,550,1
2026-04-25,745,15.0,410,3
2026-04-25,745,15.0,410,4
2026-04-25,746,10.1,340,4
2026-04-25,746,10.1,340,4
2026-04-25,747,16.1,450,4
2026-04-25,747,16.1,450,5
2026-04-25,748,17.8,510,3
2026-04-25,748,17.8,510,1
2026-04-25,748,17.8,510,2
2026-04-25,749,9.9,340,6
2026-04-25,749,9.9,340,3
2026-04-25,750,10.1,340,4
2026-04-25,750,10.1,340,2
2026-04-25,751,15.6,440,2
2026-04-25,751,15.6,440,4
2026-04-25,752,8.8,340,6
2026-04-25,752,8.8,340,2
2026-04-25,753,10.9,340,5
2026-04-25,753,10.9,340,3
2026-04-25,754,12.7,360,1
2026-04-25,754,12.7,360,6
2026-04-25,755,3.9,170,6
2026-04-25,756,2.5,170,3
2026-04-25,757,21.0,570,1
2026-04-25,757,21.0,570,3
2026-04-25,757,21.0,570,4
2026-04-25,758,8.3,235,3
2026-04-25,759,10.9,340,4
2026-04-25,759,10.9,340,5
2026-04-25,760,15.6,440,5
2026-04-25,760,15.6,440,1
2026-04-25,761,19.2,540,3
2026-04-25,761,19.2,540,3
2026-04-25,761,19.2,540,5
2026-04-25,762,7.8,220,2
2026-04-25,763,7.8,220,4
2026-04-25,764,6.6,185,2
2026-04-25,765,6.6,185,2
2026-04-25,766,7.0,190,5
2026-04-25,767,14.7,410,4
2026-04-25,767,14.7,410,4
2026-04-25,768,14.3,400,3
2026-04-25,768,14.3,400,3
